track,quarter_region,year,activity,predicted_eok,actual_eok,abs_error_eok,ape_pct
recursive_no_target_actual,대구,2025,건설업,36211.33126460625,25481.89,10729.441264606248,42.10614387161332
recursive_no_target_actual,강원,2024,운수 및 창고업,32519.991458580254,23894.61,8625.381458580254,36.09760300996858
recursive_no_target_actual,강원,2025,운수 및 창고업,33248.63228955057,24762.1,8486.532289550574,34.27226402264176
recursive_no_target_actual,울산,2025,건설업,23058.750363161827,33756.35,10697.599636838171,31.69062898340067
recursive_no_target_actual,제주,2025,정보통신업,9461.790989748837,7247.31,2214.4809897488367,30.55590266938818
recursive_no_target_actual,울산,2024,건설업,25391.835659762615,34918.65,9526.814340237386,27.282882758174747
recursive_no_target_actual,대구,2024,건설업,39875.19523005181,31555.25,8319.94523005181,26.36627892363968
recursive_no_target_actual,강원,2023,운수 및 창고업,29804.688549492406,23618.84,6185.848549492406,26.190314805860094
recursive_no_target_actual,제주,2023,정보통신업,9226.655341307933,7421.13,1805.5253413079326,24.329520454539033
recursive_no_target_actual,인천,2025,정보통신업,20610.98243814007,16664.08,3946.902438140067,23.685090554894515
recursive_no_target_actual,세종,2025,정보통신업,2395.320376917165,3109.3900000000003,714.0696230828353,22.96494241902223
recursive_no_target_actual,인천,2023,운수 및 창고업,121438.37120905885,155085.44,33647.06879094115,21.69582701699215
recursive_no_target_actual,울산,2023,건설업,26189.04272861292,33223.72,7034.677271387081,21.173659275322212
recursive_no_target_actual,인천,2022,운수 및 창고업,83888.09768648849,105023.27,21135.172313511517,20.124275613882062
recursive_no_target_actual,인천,2024,운수 및 창고업,132501.79708822185,165626.9,33125.10291177814,19.99983270337013
recursive_no_target_actual,광주,2025,정보통신업,16414.732105728872,13700.19,2714.5421057288713,19.81390116289534
recursive_no_target_actual,경남,2025,정보통신업,21370.39326592417,17843.2,3527.1932659241684,19.767716922548466
recursive_no_target_actual,전북,2025,정보통신업,11067.651716949249,9293.4,1774.2517169492494,19.09152427474605
recursive_no_target_actual,제주,2021,건설업,15199.37311574656,12793.18,2406.1931157465606,18.808405070096416
recursive_no_target_actual,세종,2025,건설업,11008.589184342194,9268.380000000001,1740.209184342193,18.775764312017774
recursive_no_target_actual,서울,2024,운수 및 창고업,190367.5826893173,160669.05000000002,29698.532689317275,18.484289718098957
recursive_no_target_actual,세종,2021,사업서비스업,6008.161876119651,7326.74,1318.5781238803484,17.996791531845655
recursive_no_target_actual,충북,2024,"광업, 제조업",403069.2187513454,341791.63,61277.58875134541,17.928346797534335
recursive_no_target_actual,충남,2025,운수 및 창고업,43923.41700957452,37281.06,6642.3570095745235,17.816974650330554
recursive_no_target_actual,전남,2022,운수 및 창고업,44969.712302842345,38384.89,6584.822302842345,17.154724952559057
recursive_no_target_actual,서울,2025,운수 및 창고업,194632.94646769422,166377.95,28254.996467694204,16.982416520755425
recursive_no_target_actual,서울,2025,"광업, 제조업",218411.7945279491,186841.57,31570.22452794909,16.89678829392682
recursive_no_target_actual,인천,2025,운수 및 창고업,135470.62380696164,162828.99,27358.366193038353,16.801901303347982
recursive_no_target_actual,서울,2025,건설업,113193.13522357673,135669.75,22476.614776423274,16.567152793031074
recursive_no_target_actual,인천,2024,건설업,76802.0468628618,65911.27,10890.776862861792,16.52339101167644
recursive_no_target_actual,제주,2021,정보통신업,11205.629503202643,9633.96,1571.6695032026437,16.31384709094333
recursive_no_target_actual,세종,2021,보건 및 사회복지업,3908.3217565766577,4645.35,737.0282434233427,15.865935686726354
recursive_no_target_actual,충남,2024,운수 및 창고업,42960.83921719506,37100.0,5860.839217195062,15.797410288935476
recursive_no_target_actual,제주,2025,건설업,11347.04646546566,9825.15,1521.896465465661,15.489803875418302
recursive_no_target_actual,충남,2023,운수 및 창고업,39373.76288441431,34152.03,5221.732884414312,15.289670583020431
recursive_no_target_actual,세종,2024,건설업,12122.438684328083,10516.05,1606.3886843280834,15.275590020284074
recursive_no_target_actual,인천,2021,운수 및 창고업,85702.90119871909,74372.88,11330.021198719085,15.234076183037532
recursive_no_target_actual,제주,2024,문화 및 기타서비스업,10617.72782114469,12463.869999999999,1846.1421788553089,14.811949890806861
recursive_no_target_actual,전남,2025,정보통신업,14592.472498957506,12719.25,1873.222498957506,14.727460337343052
recursive_no_target_actual,대구,2025,정보통신업,23034.248005887992,20119.44,2914.808005887993,14.4875205566755
recursive_no_target_actual,광주,2024,정보통신업,16080.67608757725,14068.83,2011.8460875772507,14.300024149678764
recursive_no_target_actual,제주,2025,문화 및 기타서비스업,10523.491050015076,12277.01,1753.518949984924,14.282947965220552
recursive_no_target_actual,부산,2022,운수 및 창고업,75029.14926282318,65815.06,9214.089262823181,13.99997092279971
recursive_no_target_actual,대전,2025,건설업,21235.62077057593,24650.440000000002,3414.8192294240725,13.852974751866793
recursive_no_target_actual,강원,2022,건설업,45671.78878777394,40129.18,5542.608787773941,13.811916385467985
recursive_no_target_actual,세종,2025,금융 및 보험업,5636.113694819528,4963.2300000000005,672.8836948195276,13.557374830896968
recursive_no_target_actual,충북,2022,건설업,38833.30454593455,44883.57,6050.265454065448,13.479911366376266
recursive_no_target_actual,경북,2025,사업서비스업,44794.48442210993,51769.380000000005,6974.895577890078,13.473013541769435
recursive_no_target_actual,인천,2021,건설업,64274.84661905681,74224.24,9949.393380943198,13.404506911681679
recursive_no_target_actual,제주,2025,"광업, 제조업",8452.50483620273,7454.58,997.9248362027301,13.38673454712043
recursive_no_target_actual,대전,2024,건설업,23384.24174108491,26989.59,3605.3482589150917,13.358292063403304
recursive_no_target_actual,경기도,2025,건설업,298529.1612325033,263385.56,35143.60123250331,13.343025043781182
recursive_no_target_actual,경남,2025,부동산업,75470.89042836991,66670.9,8799.990428369914,13.199147496688832
recursive_no_target_actual,전남,2025,운수 및 창고업,51887.83406473868,45885.36,6002.474064738679,13.081457930674793
recursive_no_target_actual,부산,2022,건설업,54239.8196728352,48016.26,6223.559672835196,12.961358658161204
recursive_no_target_actual,광주,2022,건설업,23726.481090834826,21008.260000000002,2718.2210908348243,12.93882068688613
recursive_no_target_actual,전남,2023,운수 및 창고업,46513.213546330306,41197.11,5316.103546330305,12.904069111474822
recursive_no_target_actual,울산,2022,운수 및 창고업,21636.685240508214,19197.09,2439.5952405082135,12.708151290160194
recursive_no_target_actual,전남,2024,운수 및 창고업,50750.71677820105,45171.78,5578.936778201052,12.350491342606054
recursive_no_target_actual,대구,2025,"광업, 제조업",136767.97409442771,121818.03,14949.944094427716,12.272357461721976
recursive_no_target_actual,부산,2025,건설업,42034.085060652564,47872.520000000004,5838.43493934744,12.195796125517186
recursive_no_target_actual,부산,2025,"광업, 제조업",176112.01169152252,156972.61000000002,19139.401691522507,12.19282885818265
recursive_no_target_actual,전남,2022,사업서비스업,33217.79078471496,29657.41,3560.380784714962,12.005029382926432
recursive_no_target_actual,서울,2023,운수 및 창고업,174472.57079392084,156018.97,18453.600793920836,11.827792988199343
recursive_no_target_actual,부산,2022,숙박 및 음식점업,30818.80214412894,34911.850000000006,4093.0478558710674,11.723950050974286
recursive_no_target_actual,전남,2021,건설업,68930.78163639274,61727.44,7203.341636392739,11.66959400291465
recursive_no_target_actual,제주,2023,건설업,12887.440995171455,14564.05,1676.6090048285441,11.511969574593223
recursive_no_target_actual,인천,2024,정보통신업,20191.528579305843,18110.51,2081.0185793058445,11.490668011590202
recursive_no_target_actual,인천,2021,문화 및 기타서비스업,33561.628354874134,30105.04,3456.588354874133,11.481759714898677
recursive_no_target_actual,강원,2025,정보통신업,10338.567347689932,9274.75,1063.817347689932,11.470037981508202
recursive_no_target_actual,충북,2025,"광업, 제조업",411950.22088747006,370075.14,41875.080887470045,11.315291507413884
recursive_no_target_actual,제주,2024,정보통신업,9269.234193679333,8328.81,940.4241936793333,11.291219197932637
recursive_no_target_actual,제주,2022,정보통신업,9858.347152212202,8858.869999999999,999.4771522122028,11.28221942767196
recursive_no_target_actual,제주,2023,운수 및 창고업,14288.763937285557,16105.26,1816.4960627144428,11.278899332978435
recursive_no_target_actual,경북,2024,건설업,57838.199823232404,65068.439999999995,7230.240176767591,11.111746611364268
recursive_no_target_actual,강원,2024,사업서비스업,24206.730677946805,27170.519999999997,2963.7893220531914,10.908106734995105
recursive_no_target_actual,전남,2025,숙박 및 음식점업,14358.672560241674,12949.06,1409.6125602416741,10.885829243525585
recursive_no_target_actual,제주,2024,"광업, 제조업",8270.282058547207,7463.62,806.6620585472074,10.80791972993276
recursive_no_target_actual,강원,2021,문화 및 기타서비스업,21632.82123911395,24249.260000000002,2616.4387608860525,10.78976744397995
recursive_no_target_actual,인천,2025,건설업,69745.2224297809,62956.79,6788.4324297809,10.782685123845894
recursive_no_target_actual,광주,2025,건설업,18390.16095266909,16614.85,1775.3109526690932,10.68508564729199
recursive_no_target_actual,광주,2023,건설업,20886.678739752817,18876.48,2010.1987397528173,10.649224536316185
recursive_no_target_actual,인천,2023,건설업,79213.33903888472,71611.20000000001,7602.139038884707,10.61585204393266
recursive_no_target_actual,인천,2023,정보통신업,20098.777431091523,18172.53,1926.247431091524,10.599775766453675
recursive_no_target_actual,경기도,2024,건설업,328734.3538690836,297256.66000000003,31477.693869083596,10.589399029472911
recursive_no_target_actual,대구,2021,건설업,36719.8454828078,41049.64,4329.7945171921965,10.54770399251296
recursive_no_target_actual,강원,2025,"광업, 제조업",62582.88898158554,56626.65,5956.238981585535,10.518437840814412
recursive_no_target_actual,서울,2024,건설업,124646.02123461466,139276.62,14630.598765385337,10.504705502894412
recursive_no_target_actual,대전,2023,건설업,24118.417996220276,26948.850000000002,2830.432003779726,10.502978805328338
recursive_no_target_actual,울산,2022,건설업,23736.509526558442,26504.16,2767.6504734415576,10.442324802753824
recursive_no_target_actual,세종,2024,도매 및 소매업,3305.802007293991,3690.55,384.747992706009,10.42522097535622
recursive_no_target_actual,광주,2023,정보통신업,16006.808417513186,14520.46,1486.348417513187,10.236235060825809
recursive_no_target_actual,전남,2021,사업서비스업,29066.25694769332,32375.12,3308.8630523066786,10.220388533870079
recursive_no_target_actual,경북,2023,운수 및 창고업,46565.67700740695,42277.899999999994,4287.777007406956,10.141887386570659
recursive_no_target_actual,충북,2025,건설업,39291.805496052286,43703.439999999995,4411.634503947709,10.094478841820482
