track,route_id,activity,available_quarters,rows,baseline_abs_error_sum_eok,candidate_abs_error_sum_eok,official_sum_eok,improved_rows,baseline_wape_pct,candidate_wape_pct,delta_wape_pp,adopt_route
prior_year_province_anchor,regional_construction_orders_bok_12_24q,건설업,1,22,85460.64541278541,92399.4092613943,899593.6799999999,8,9.499916163571248,10.271238150694247,0.7713219871229988,False
prior_year_province_anchor,regional_construction_orders_bok_12_24q,건설업,2,22,82605.44293421146,86731.35072409105,899593.6799999999,9,9.182528153622806,9.641169413739219,0.45864126011641204,False
prior_year_province_anchor,regional_construction_orders_bok_12_24q,건설업,3,22,77172.65061108576,78039.93310053114,899593.6799999999,12,8.578611914112798,8.675020160271817,0.09640824615901877,False
prior_year_province_anchor,regional_construction_orders_bok_12_24q,건설업,4,22,72908.0015165923,71638.44024515711,899593.6799999999,14,8.10454799066533,7.963421913452873,-0.14112607721245674,True
prior_year_province_anchor,regional_construction_orders_raw,건설업,1,22,85460.64541278541,705630.7576792527,899593.6799999999,2,9.499916163571248,78.43883003705103,68.93891387347979,False
prior_year_province_anchor,regional_construction_orders_raw,건설업,2,22,82605.44293421146,399979.4111191537,899593.6799999999,5,9.182528153622806,44.46223000579037,35.27970185216756,False
prior_year_province_anchor,regional_construction_orders_raw,건설업,3,22,77172.65061108576,338113.5869394579,899593.6799999999,5,8.578611914112798,37.585144766630414,29.006532852517616,False
prior_year_province_anchor,regional_construction_orders_raw,건설업,4,22,72908.0015165923,271742.23320996715,899593.6799999999,4,8.10454799066533,30.20721902025447,22.10267102958914,False
prior_year_province_anchor,regional_manufacturing_production_index,"광업, 제조업",1,14,155813.13022164343,198295.28734194848,3861314.0400000005,6,4.035235896576892,5.135435379971023,1.1001994833941309,False
prior_year_province_anchor,regional_manufacturing_production_index,"광업, 제조업",2,14,132298.97428227717,315513.771743623,3861314.0400000005,4,3.4262681799970136,8.171150247691921,4.744882067694908,False
prior_year_province_anchor,regional_manufacturing_production_index,"광업, 제조업",3,14,123451.0187536556,477325.4018734963,3861314.0400000005,3,3.1971245403716395,12.361734811745492,9.164610271373853,False
prior_year_province_anchor,regional_manufacturing_production_index,"광업, 제조업",4,14,132142.63361102232,573533.2132451485,3861314.0400000005,3,3.422219281885249,14.853316961630721,11.431097679745472,False
prior_year_province_anchor,regional_service_production_index_G,도매 및 소매업,1,21,23313.88947019833,30613.201226974583,801209.8499999999,13,2.909835603019401,3.8208718011859926,0.9110361981665918,False
prior_year_province_anchor,regional_service_production_index_G,도매 및 소매업,2,21,17436.00799125025,22144.712532134145,801209.8499999999,10,2.176209889487786,2.7639091721268962,0.5876992826391101,False
prior_year_province_anchor,regional_service_production_index_G,도매 및 소매업,3,21,14686.682327512046,16642.737682484578,801209.8499999999,10,1.8330631266592703,2.0772008335250223,0.24413770686575198,False
prior_year_province_anchor,regional_service_production_index_G,도매 및 소매업,4,21,14931.962555220678,14690.47552192328,801209.8499999999,12,1.8636768575948834,1.8335365599815432,-0.03014029761334025,True
prior_year_province_anchor,regional_service_production_index_H,운수 및 창고업,1,24,110690.37031817548,102917.42516044885,1026507.16,6,10.783204894369707,10.025982201668116,-0.7572226927015908,True
prior_year_province_anchor,regional_service_production_index_H,운수 및 창고업,2,24,97819.62127518746,69513.68528440385,1026507.16,9,9.529365706049967,6.771865603392757,-2.75750010265721,True
prior_year_province_anchor,regional_service_production_index_H,운수 및 창고업,3,24,93426.71604911167,54618.823470510666,1026507.16,11,9.101418839505383,5.320841938453762,-3.780576901051621,True
prior_year_province_anchor,regional_service_production_index_H,운수 및 창고업,4,24,90501.24817192002,52500.06132113614,1026507.16,8,8.8164263921861,5.114436933994317,-3.7019894581917834,True
prior_year_province_anchor,regional_service_production_index_I,숙박 및 음식점업,1,19,22231.84899370373,21781.64209402942,261051.91,9,8.516256017319977,8.343797252442787,-0.1724587648771898,True
prior_year_province_anchor,regional_service_production_index_I,숙박 및 음식점업,2,19,10915.58565648322,11394.954891627818,261051.91,8,4.181385095586245,4.365014947267698,0.1836298516814523,False
prior_year_province_anchor,regional_service_production_index_I,숙박 및 음식점업,3,19,6080.397329457033,8938.200527679792,261051.91,5,2.3291908990273362,3.4239169242928704,1.0947260252655342,False
prior_year_province_anchor,regional_service_production_index_I,숙박 및 음식점업,4,19,5422.564927890678,4990.6724781323555,261051.91,12,2.0771979518903647,1.911754822300421,-0.16544312958994367,True
prior_year_province_anchor,regional_service_production_index_J,정보통신업,1,24,14082.934537818568,20393.81009574708,286187.54,6,4.920876198110711,7.12603004859928,2.2051538504885695,False
prior_year_province_anchor,regional_service_production_index_J,정보통신업,2,24,12017.37893050785,14140.629592343419,286187.54,8,4.199127233319749,4.941036074576629,0.7419088412568797,False
prior_year_province_anchor,regional_service_production_index_J,정보통신업,3,24,11663.337033986929,12388.76410705556,286187.54,13,4.07541748113385,4.32889709560925,0.2534796144753999,False
prior_year_province_anchor,regional_service_production_index_J,정보통신업,4,24,11723.268398313312,9145.935226960099,286187.54,15,4.096358771703797,3.1957838649998878,-0.9005749067039095,True
prior_year_province_anchor,regional_service_production_index_K,금융 및 보험업,1,24,13733.200683709409,26301.037460702635,606726.34,9,2.26349175539493,4.334909452044333,2.0714176966494033,False
prior_year_province_anchor,regional_service_production_index_K,금융 및 보험업,2,24,10757.845463017413,16963.631731554047,606726.34,10,1.7730968236878284,2.795928017820035,1.0228311941322068,False
prior_year_province_anchor,regional_service_production_index_K,금융 및 보험업,3,24,11640.172753680288,13272.726972918343,606726.34,13,1.9185210837690498,2.1875969605866037,0.26907587681755385,False
prior_year_province_anchor,regional_service_production_index_K,금융 및 보험업,4,24,14700.493627207585,9811.74429132717,606726.34,19,2.422919965401137,1.6171614193191564,-0.8057585460819807,True
prior_year_province_anchor,regional_service_production_index_L,부동산업,1,22,22714.515302607662,101063.88542337506,1068251.5,5,2.1263265534949083,9.46068275339422,7.334356199899312,False
prior_year_province_anchor,regional_service_production_index_L,부동산업,2,22,23877.09733486821,113597.93058279458,1068251.5,2,2.2351569209000135,10.634006185134734,8.39884926423472,False
prior_year_province_anchor,regional_service_production_index_L,부동산업,3,22,23908.297748673656,109741.593213168,1068251.5,3,2.2380776201740558,10.273010916733373,8.034933296559316,False
prior_year_province_anchor,regional_service_production_index_L,부동산업,4,22,24510.856976834886,107870.21428957308,1068251.5,3,2.294483740657971,10.097829424023564,7.803345683365593,False
prior_year_province_anchor,regional_service_production_index_M_N,사업서비스업,1,22,26959.60188677027,32798.07544649902,747989.9700000001,10,3.6042731811992432,4.384828241279627,0.7805550600803839,False
prior_year_province_anchor,regional_service_production_index_M_N,사업서비스업,2,22,24008.10726759719,21444.95055494435,747989.9700000001,14,3.2096830479688365,2.8670104433277825,-0.342672604641054,True
prior_year_province_anchor,regional_service_production_index_M_N,사업서비스업,3,22,21591.398330826727,25145.361106340624,747989.9700000001,10,2.8865892855256767,3.3617243699592154,0.4751350844335387,False
prior_year_province_anchor,regional_service_production_index_M_N,사업서비스업,4,22,21848.18527866702,23938.347803753426,747989.9700000001,12,2.920919551724339,3.2003567913822994,0.2794372396579603,False
prior_year_province_anchor,regional_service_production_index_P,교육 서비스업,1,23,9399.695254753662,21673.377050113537,786208.4600000002,4,1.1955728961188816,2.756695984944442,1.5611230888255605,False
prior_year_province_anchor,regional_service_production_index_P,교육 서비스업,2,23,7801.620094452817,18878.64616369558,786208.4600000002,5,0.9923093545003083,2.40122653522395,1.4089171807236416,False
prior_year_province_anchor,regional_service_production_index_P,교육 서비스업,3,23,6144.184533135975,20195.759459056004,786208.4600000002,6,0.7814956014510417,2.5687537703494057,1.787258168898364,False
prior_year_province_anchor,regional_service_production_index_P,교육 서비스업,4,23,5833.181735033515,20811.78401826063,786208.4600000002,6,0.7419383066716826,2.6471076154866897,1.9051693088150072,False
prior_year_province_anchor,regional_service_production_index_Q,보건 및 사회복지업,1,24,22164.074048830702,28162.33742312416,911574.23,12,2.4314063868205995,3.0894178988719507,0.6580115120513512,False
prior_year_province_anchor,regional_service_production_index_Q,보건 및 사회복지업,2,24,16418.060212910612,17692.810577963708,911574.23,9,1.801066734072837,1.9409072783862822,0.13984054431344517,False
prior_year_province_anchor,regional_service_production_index_Q,보건 및 사회복지업,3,24,13649.386562641022,15171.6117355582,911574.23,10,1.497342302298412,1.664330916370705,0.16698861407229293,False
prior_year_province_anchor,regional_service_production_index_Q,보건 및 사회복지업,4,24,12355.736324037349,12709.639812947058,911574.23,12,1.3554284354920114,1.3942517674010002,0.03882333190898879,False
prior_year_province_anchor,regional_service_production_index_R_S,문화 및 기타서비스업,1,25,19597.385451648654,63800.81397793877,461528.81999999995,4,4.24618888407633,13.823798474370196,9.577609590293866,False
prior_year_province_anchor,regional_service_production_index_R_S,문화 및 기타서비스업,2,25,17179.10998316204,59478.70343289967,461528.81999999995,5,3.7222182534910915,12.887321626610376,9.165103373119285,False
prior_year_province_anchor,regional_service_production_index_R_S,문화 및 기타서비스업,3,25,16414.241635171755,59996.65285183741,461528.81999999995,9,3.556493316099254,12.999546345087923,9.443053028988668,False
prior_year_province_anchor,regional_service_production_index_R_S,문화 및 기타서비스업,4,25,15857.285386007889,60271.65573349311,461528.81999999995,8,3.4358169411842776,13.059131547514871,9.623314606330593,False
prior_year_province_anchor,regional_service_production_index_T,서비스업,1,21,215985.35978442963,215194.8005610901,7992596.220000001,11,2.702317918224945,2.6924267739511816,-0.009891144273763253,True
prior_year_province_anchor,regional_service_production_index_T,서비스업,2,21,165032.19388408947,151860.77207045018,7992596.220000001,9,2.0648133515255878,1.9000180653496113,-0.1647952861759765,True
prior_year_province_anchor,regional_service_production_index_T,서비스업,3,21,147940.43329127837,119885.92394195443,7992596.220000001,9,1.8509684365273535,1.4999622230629137,-0.35100621346443983,True
prior_year_province_anchor,regional_service_production_index_T,서비스업,4,21,141958.59080927694,120085.13841417606,7992596.220000001,8,1.7761261410160032,1.502454710694444,-0.2736714303215593,True
recursive_no_target_actual,regional_construction_orders_bok_12_24q,건설업,1,22,119943.1387034324,92399.4092613943,899593.6799999999,11,13.33303483228477,10.271238150694247,-3.0617966815905238,True
recursive_no_target_actual,regional_construction_orders_bok_12_24q,건설업,2,22,118433.39712114182,86731.35072409105,899593.6799999999,12,13.165210000268324,9.641169413739219,-3.5240405865291056,True
recursive_no_target_actual,regional_construction_orders_bok_12_24q,건설업,3,22,114995.66680785191,78039.93310053114,899593.6799999999,14,12.783067440830834,8.675020160271817,-4.108047280559017,True
recursive_no_target_actual,regional_construction_orders_bok_12_24q,건설업,4,22,111446.84227278245,71638.44024515711,899593.6799999999,14,12.388575503640983,7.963421913452873,-4.42515359018811,True
recursive_no_target_actual,regional_construction_orders_raw,건설업,1,22,119943.1387034324,705630.7576792527,899593.6799999999,2,13.33303483228477,78.43883003705103,65.10579520476627,False
recursive_no_target_actual,regional_construction_orders_raw,건설업,2,22,118433.39712114182,399979.4111191537,899593.6799999999,5,13.165210000268324,44.46223000579037,31.297020005522043,False
recursive_no_target_actual,regional_construction_orders_raw,건설업,3,22,114995.66680785191,338113.5869394579,899593.6799999999,5,12.783067440830834,37.585144766630414,24.80207732579958,False
recursive_no_target_actual,regional_construction_orders_raw,건설업,4,22,111446.84227278245,271742.23320996715,899593.6799999999,4,12.388575503640983,30.20721902025447,17.818643516613488,False
recursive_no_target_actual,regional_manufacturing_production_index,"광업, 제조업",1,14,182334.4671408356,198295.28734194848,3861314.0400000005,5,4.72208334396017,5.135435379971023,0.4133520360108527,False
recursive_no_target_actual,regional_manufacturing_production_index,"광업, 제조업",2,14,177194.50983492905,315513.771743623,3861314.0400000005,5,4.588969143647509,8.171150247691921,3.5821811040444125,False
recursive_no_target_actual,regional_manufacturing_production_index,"광업, 제조업",3,14,180245.30078640854,477325.4018734963,3861314.0400000005,4,4.667978281984246,12.361734811745492,7.693756529761246,False
recursive_no_target_actual,regional_manufacturing_production_index,"광업, 제조업",4,14,194030.00607619772,573533.2132451485,3861314.0400000005,4,5.024973469295901,14.853316961630721,9.82834349233482,False
recursive_no_target_actual,regional_service_production_index_G,도매 및 소매업,1,21,34392.11613365526,30613.201226974583,801209.8499999999,12,4.292522880697893,3.8208718011859926,-0.47165107951190066,True
recursive_no_target_actual,regional_service_production_index_G,도매 및 소매업,2,21,28603.51742105668,22144.712532134145,801209.8499999999,11,3.5700406605156796,2.7639091721268962,-0.8061314883887833,True
recursive_no_target_actual,regional_service_production_index_G,도매 및 소매업,3,21,26354.04435838229,16642.737682484578,801209.8499999999,13,3.289281123838192,2.0772008335250223,-1.2120802903131698,True
recursive_no_target_actual,regional_service_production_index_G,도매 및 소매업,4,21,26514.82724647894,14690.47552192328,801209.8499999999,14,3.3093486365000313,1.8335365599815432,-1.4758120765184881,True
recursive_no_target_actual,regional_service_production_index_H,운수 및 창고업,1,24,134306.44318590037,102917.42516044885,1026507.16,8,13.083829165487785,10.025982201668116,-3.057846963819669,True
recursive_no_target_actual,regional_service_production_index_H,운수 및 창고업,2,24,135248.24194708018,69513.68528440385,1026507.16,10,13.175577065344598,6.771865603392757,-6.403711461951841,True
recursive_no_target_actual,regional_service_production_index_H,운수 및 창고업,3,24,136196.4376997794,54618.823470510666,1026507.16,10,13.26794814561054,5.320841938453762,-7.947106207156777,True
recursive_no_target_actual,regional_service_production_index_H,운수 및 창고업,4,24,138952.7488300503,52500.06132113614,1026507.16,10,13.536461726194904,5.114436933994317,-8.422024792200588,True
recursive_no_target_actual,regional_service_production_index_I,숙박 및 음식점업,1,19,23755.653389112143,21781.64209402942,261051.91,10,9.099973024182104,8.343797252442787,-0.7561757717393167,True
recursive_no_target_actual,regional_service_production_index_I,숙박 및 음식점업,2,19,12961.496013740318,11394.954891627818,261051.91,11,4.965102922916871,4.365014947267698,-0.6000879756491733,True
recursive_no_target_actual,regional_service_production_index_I,숙박 및 음식점업,3,19,8680.874578846762,8938.200527679792,261051.91,9,3.325344211749595,3.4239169242928704,0.09857271254327538,False
recursive_no_target_actual,regional_service_production_index_I,숙박 및 음식점업,4,19,7348.269082572757,4990.6724781323555,261051.91,13,2.8148689211171662,1.911754822300421,-0.9031140988167452,True
recursive_no_target_actual,regional_service_production_index_J,정보통신업,1,24,21884.69698484721,20393.81009574708,286187.54,8,7.646977567523454,7.12603004859928,-0.5209475189241735,True
recursive_no_target_actual,regional_service_production_index_J,정보통신업,2,24,19592.71025297722,14140.629592343419,286187.54,10,6.846108762448995,4.941036074576629,-1.9050726878723658,True
recursive_no_target_actual,regional_service_production_index_J,정보통신업,3,24,19152.670955776874,12388.76410705556,286187.54,14,6.692349693413234,4.32889709560925,-2.3634525978039838,True
recursive_no_target_actual,regional_service_production_index_J,정보통신업,4,24,19175.348683779368,9145.935226960099,286187.54,17,6.700273772848171,3.1957838649998878,-3.5044899078482836,True
recursive_no_target_actual,regional_service_production_index_K,금융 및 보험업,1,24,16778.649643424367,26301.037460702635,606726.34,12,2.7654394637662127,4.334909452044333,1.5694699882781205,False
recursive_no_target_actual,regional_service_production_index_K,금융 및 보험업,2,24,13437.936481693152,16963.631731554047,606726.34,11,2.214826618816838,2.795928017820035,0.581101399003197,False
recursive_no_target_actual,regional_service_production_index_K,금융 및 보험업,3,24,12007.761034114697,13272.726972918343,606726.34,13,1.979106599214845,2.1875969605866037,0.20849036137175858,False
recursive_no_target_actual,regional_service_production_index_K,금융 및 보험업,4,24,14341.458214554055,9811.74429132717,606726.34,16,2.363744124666494,1.6171614193191564,-0.7465827053473377,True
recursive_no_target_actual,regional_service_production_index_L,부동산업,1,22,26949.16233777294,101063.88542337506,1068251.5,6,2.522735735711388,9.46068275339422,6.937947017682832,False
recursive_no_target_actual,regional_service_production_index_L,부동산업,2,22,27095.697271636476,113597.93058279458,1068251.5,3,2.5364530048997334,10.634006185134734,8.097553180235,False
recursive_no_target_actual,regional_service_production_index_L,부동산업,3,22,27015.13412336752,109741.593213168,1068251.5,4,2.528911414902532,10.273010916733373,7.744099501830841,False
recursive_no_target_actual,regional_service_production_index_L,부동산업,4,22,27498.505898807147,107870.21428957308,1068251.5,3,2.574160288921396,10.097829424023564,7.523669135102168,False
recursive_no_target_actual,regional_service_production_index_M_N,사업서비스업,1,22,30793.385541768555,32798.07544649902,747989.9700000001,11,4.1168179757502035,4.384828241279627,0.26801026552942364,False
recursive_no_target_actual,regional_service_production_index_M_N,사업서비스업,2,22,28067.36694932524,21444.95055494435,747989.9700000001,13,3.7523721005677704,2.8670104433277825,-0.8853616572399878,True
recursive_no_target_actual,regional_service_production_index_M_N,사업서비스업,3,22,26312.212848533753,25145.361106340624,747989.9700000001,12,3.517722683973122,3.3617243699592154,-0.15599831401390674,True
recursive_no_target_actual,regional_service_production_index_M_N,사업서비스업,4,22,27065.28238588423,23938.347803753426,747989.9700000001,14,3.618401779623359,3.2003567913822994,-0.41804498824105973,True
recursive_no_target_actual,regional_service_production_index_P,교육 서비스업,1,23,11391.055169699377,21673.377050113537,786208.4600000002,6,1.4488593991597818,2.756695984944442,1.3078365857846603,False
recursive_no_target_actual,regional_service_production_index_P,교육 서비스업,2,23,9584.516144543853,18878.64616369558,786208.4600000002,6,1.219080769563819,2.40122653522395,1.1821457656601309,False
recursive_no_target_actual,regional_service_production_index_P,교육 서비스업,3,23,8401.279890140384,20195.759459056004,786208.4600000002,6,1.06858172069789,2.5687537703494057,1.5001720496515156,False
recursive_no_target_actual,regional_service_production_index_P,교육 서비스업,4,23,8248.020141441248,20811.78401826063,786208.4600000002,6,1.0490881949351252,2.6471076154866897,1.5980194205515645,False
recursive_no_target_actual,regional_service_production_index_Q,보건 및 사회복지업,1,24,27006.240057351308,28162.33742312416,911574.23,11,2.9625936285354744,3.0894178988719507,0.12682427033647636,False
recursive_no_target_actual,regional_service_production_index_Q,보건 및 사회복지업,2,24,22355.5026233666,17692.810577963708,911574.23,12,2.4524061659099994,1.9409072783862822,-0.5114988875237172,True
recursive_no_target_actual,regional_service_production_index_Q,보건 및 사회복지업,3,24,19461.603299124246,15171.6117355582,911574.23,11,2.134944435531514,1.664330916370705,-0.47061351916080896,True
recursive_no_target_actual,regional_service_production_index_Q,보건 및 사회복지업,4,24,18477.903261589923,12709.639812947058,911574.23,12,2.0270322101569196,1.3942517674010002,-0.6327804427559194,True
recursive_no_target_actual,regional_service_production_index_R_S,문화 및 기타서비스업,1,25,20465.874894503853,63800.81397793877,461528.81999999995,4,4.434365527705043,13.823798474370196,9.389432946665153,False
recursive_no_target_actual,regional_service_production_index_R_S,문화 및 기타서비스업,2,25,18072.479995359674,59478.70343289967,461528.81999999995,6,3.9157857997599534,12.887321626610376,8.971535826850422,False
recursive_no_target_actual,regional_service_production_index_R_S,문화 및 기타서비스업,3,25,17973.25356322481,59996.65285183741,461528.81999999995,8,3.8942862903393145,12.999546345087923,9.105260054748609,False
recursive_no_target_actual,regional_service_production_index_R_S,문화 및 기타서비스업,4,25,17300.973994763008,60271.65573349311,461528.81999999995,8,3.748622674259651,13.059131547514871,9.31050887325522,False
recursive_no_target_actual,regional_service_production_index_T,서비스업,1,21,288641.1670794348,215194.8005610901,7992596.220000001,13,3.611356799898929,2.6924267739511816,-0.9189300259477475,True
recursive_no_target_actual,regional_service_production_index_T,서비스업,2,21,243107.76851970406,151860.77207045018,7992596.220000001,11,3.0416620811066575,1.9000180653496113,-1.1416440157570462,True
recursive_no_target_actual,regional_service_production_index_T,서비스업,3,21,226583.82444037695,119885.92394195443,7992596.220000001,10,2.8349214473438886,1.4999622230629137,-1.334959224280975,True
recursive_no_target_actual,regional_service_production_index_T,서비스업,4,21,220740.228227415,120085.13841417606,7992596.220000001,9,2.761808830966004,1.502454710694444,-1.25935412027156,True
