track,activity,available_quarters,rows,adopted_rows,official_sum_eok,baseline_abs_error_sum_eok,selected_abs_error_sum_eok,max_selected_ape_pct,baseline_wape_pct,selected_wape_pct,delta_wape_pp
prior_year_province_anchor,건설업,1,22,4,899593.6799999999,85460.64541278541,70099.33042785086,31.71425661924249,9.499916163571248,7.792332470349376,-1.7075836932218715
prior_year_province_anchor,건설업,2,22,6,899593.6799999999,82605.44293421146,72944.68682894594,28.494585279017436,9.182528153622806,8.10862597755755,-1.073902176065257
prior_year_province_anchor,건설업,3,22,11,899593.6799999999,77172.65061108576,64045.25271109239,18.045917500614113,8.578611914112798,7.1193533408429905,-1.4592585732698078
prior_year_province_anchor,건설업,4,22,11,899593.6799999999,72908.0015165923,61342.25934273807,15.584596533511114,8.10454799066533,6.818885092960866,-1.285662897704463
prior_year_province_anchor,"광업, 제조업",1,14,2,3861314.0400000005,155813.13022164343,151892.46633831877,14.82804186525617,4.035235896576892,3.933698859114778,-0.10153703746211384
prior_year_province_anchor,"광업, 제조업",2,14,1,3861314.0400000005,132298.97428227717,153776.35140967462,20.235932942832594,3.4262681799970136,3.982487562956019,0.5562193829590054
prior_year_province_anchor,"광업, 제조업",3,14,1,3861314.0400000005,123451.0187536556,270830.1485827329,45.38825513528681,3.1971245403716395,7.013937374094878,3.8168128337232385
prior_year_province_anchor,"광업, 제조업",4,14,1,3861314.0400000005,132142.63361102232,331046.94639703666,59.35469667855071,3.422219281885249,8.573427153752991,5.151207871867742
prior_year_province_anchor,교육 서비스업,1,23,1,786208.4600000002,9399.695254753662,9717.21297593908,4.631097568299943,1.1955728961188816,1.2359588417477825,0.040385945628900854
prior_year_province_anchor,교육 서비스업,2,23,0,786208.4600000002,7801.620094452817,7801.620094452817,4.806152086031524,0.9923093545003083,0.9923093545003083,0.0
prior_year_province_anchor,교육 서비스업,3,23,2,786208.4600000002,6144.184533135975,7033.151941448241,5.747904204983548,0.7814956014510417,0.8945657925695991,0.11307019111855743
prior_year_province_anchor,교육 서비스업,4,23,2,786208.4600000002,5833.181735033515,6875.665834855308,5.474852530589206,0.7419383066716826,0.8745347048103891,0.1325963981387065
prior_year_province_anchor,금융 및 보험업,1,24,6,606726.34,13733.200683709409,17763.40415310549,10.09138824662518,2.26349175539493,2.927745670825086,0.6642539154301561
prior_year_province_anchor,금융 및 보험업,2,24,6,606726.34,10757.845463017413,13391.998251184192,6.867075427386355,1.7730968236878284,2.2072551277704857,0.4341583040826573
prior_year_province_anchor,금융 및 보험업,3,24,8,606726.34,11640.172753680288,15701.153255225187,6.015438012494903,1.9185210837690498,2.5878476374085206,0.6693265536394708
prior_year_province_anchor,금융 및 보험업,4,24,14,606726.34,14700.493627207585,11820.098719372641,7.245215041096276,2.422919965401137,1.9481762930174815,-0.47474367238365556
prior_year_province_anchor,도매 및 소매업,1,21,8,801209.8499999999,23313.88947019833,23527.35505502568,9.63826696286074,2.909835603019401,2.9364785087234866,0.026642905704085784
prior_year_province_anchor,도매 및 소매업,2,21,4,801209.8499999999,17436.00799125025,17872.571872548328,5.2894118884563035,2.176209889487786,2.230697971642302,0.05448808215451573
prior_year_province_anchor,도매 및 소매업,3,21,4,801209.8499999999,14686.682327512046,14991.51932477732,4.304443945466576,1.8330631266592703,1.8711102122343257,0.03804708557505543
prior_year_province_anchor,도매 및 소매업,4,21,8,801209.8499999999,14931.962555220678,13391.34860025875,5.441710253610558,1.8636768575948834,1.6713909096672679,-0.19228594792761555
prior_year_province_anchor,문화 및 기타서비스업,1,25,1,461528.81999999995,19597.385451648654,19799.267852147554,11.055242819410903,4.24618888407633,4.289930984623572,0.04374210054724159
prior_year_province_anchor,문화 및 기타서비스업,2,25,3,461528.81999999995,17179.10998316204,26697.89999644539,26.524381037057328,3.7222182534910915,5.784665840899252,2.0624475874081605
prior_year_province_anchor,문화 및 기타서비스업,3,25,4,461528.81999999995,16414.241635171755,37451.50214629983,51.59387172791904,3.556493316099254,8.114661646980101,4.558168330880847
prior_year_province_anchor,문화 및 기타서비스업,4,25,2,461528.81999999995,15857.285386007889,19524.488440599915,29.65180984844925,3.4358169411842776,4.230394201731523,0.794577260547245
prior_year_province_anchor,보건 및 사회복지업,1,24,5,911574.23,22164.074048830702,22598.728801004643,19.280371819375862,2.4314063868205995,2.4790881595023415,0.04768177268174201
prior_year_province_anchor,보건 및 사회복지업,2,24,8,911574.23,16418.060212910612,18121.572305867587,17.370167141078692,1.801066734072837,1.9879425843211458,0.18687585024830877
prior_year_province_anchor,보건 및 사회복지업,3,24,7,911574.23,13649.386562641022,14186.362682190244,16.450185625742584,1.497342302298412,1.5562487634375364,0.058906461139124344
prior_year_province_anchor,보건 및 사회복지업,4,24,8,911574.23,12355.736324037349,13839.616718178822,15.865935686726363,1.3554284354920114,1.518210614420158,0.1627821789281465
prior_year_province_anchor,부동산업,1,22,2,1068251.5,22714.515302607662,52420.82788652898,30.10246038870968,2.1263265534949083,4.907161645598343,2.780835092103435
prior_year_province_anchor,부동산업,2,22,0,1068251.5,23877.09733486821,23877.09733486821,7.952713283975885,2.2351569209000135,2.2351569209000135,0.0
prior_year_province_anchor,부동산업,3,22,1,1068251.5,23908.297748673656,24959.78362477511,10.353265029163811,2.2380776201740558,2.336508174786098,0.09843055461204209
prior_year_province_anchor,부동산업,4,22,1,1068251.5,24510.856976834886,25659.858861485864,11.433336259305783,2.294483740657971,2.402042858024151,0.10755911736618007
prior_year_province_anchor,사업서비스업,1,22,9,747989.9700000001,26959.60188677027,31394.77169471187,20.439728951149604,3.6042731811992432,4.197218272153017,0.5929450909537737
prior_year_province_anchor,사업서비스업,2,22,10,747989.9700000001,24008.10726759719,25180.343239701404,17.85864595047189,3.2096830479688365,3.3664011884679956,0.1567181404991591
prior_year_province_anchor,사업서비스업,3,22,8,747989.9700000001,21591.398330826727,22778.590308315324,18.01820880688812,2.8865892855256767,3.045306918796695,0.15871763327101807
prior_year_province_anchor,사업서비스업,4,22,9,747989.9700000001,21848.18527866702,22892.099762166516,17.996791531845655,2.920919551724339,3.0604821829584847,0.13956263123414558
prior_year_province_anchor,서비스업,1,21,10,7992596.220000001,215985.35978442963,204203.45134066214,7.19716150950794,2.702317918224945,2.554907638517765,-0.1474102797071799
prior_year_province_anchor,서비스업,2,21,7,7992596.220000001,165032.19388408947,133692.11197541462,4.885975955369781,2.0648133515255878,1.6726994370224124,-0.39211391450317534
prior_year_province_anchor,서비스업,3,21,8,7992596.220000001,147940.43329127837,124721.17075850892,4.59049883213911,1.8509684365273535,1.5604587961846135,-0.29050964034274007
prior_year_province_anchor,서비스업,4,21,8,7992596.220000001,141958.59080927694,105874.12609507107,5.428611931717634,1.7761261410160032,1.3246525056544274,-0.4514736353615758
prior_year_province_anchor,숙박 및 음식점업,1,19,7,261051.91,22231.84899370373,20825.253252318846,32.824408970564974,8.516256017319977,7.977437610902309,-0.5388184064176675
prior_year_province_anchor,숙박 및 음식점업,2,19,8,261051.91,10915.58565648322,11274.658767004468,16.640113080449186,4.181385095586245,4.318933643122729,0.1375485475364835
prior_year_province_anchor,숙박 및 음식점업,3,19,5,261051.91,6080.397329457033,6834.491047285361,7.52008533232613,2.3291908990273362,2.6180582426251395,0.2888673435978033
prior_year_province_anchor,숙박 및 음식점업,4,19,10,261051.91,5422.564927890678,5192.697894199761,5.650982640709805,2.0771979518903647,1.9891438044639325,-0.08805414742643225
prior_year_province_anchor,운수 및 창고업,1,24,3,1026507.16,110690.37031817548,112586.2057947481,25.85202049118151,10.783204894369707,10.967892887834129,0.1846879934644221
prior_year_province_anchor,운수 및 창고업,2,24,5,1026507.16,97819.62127518746,59229.77730224059,17.156964946004447,9.529365706049967,5.770030605752481,-3.759335100297486
prior_year_province_anchor,운수 및 창고업,3,24,6,1026507.16,93426.71604911167,53210.273051600736,14.377523819693202,9.101418839505383,5.1836241504248965,-3.9177946890804867
prior_year_province_anchor,운수 및 창고업,4,24,7,1026507.16,90501.24817192002,51188.03194231937,15.234076183037528,8.8164263921861,4.986622006837182,-3.8298043853489183
prior_year_province_anchor,정보통신업,1,24,1,286187.54,14082.934537818568,13981.241240155981,17.199701270328106,4.920876198110711,4.885342401753753,-0.03553379635695819
prior_year_province_anchor,정보통신업,2,24,2,286187.54,12017.37893050785,13584.863931641119,16.37924792784648,4.199127233319749,4.746839758167361,0.5477125248476122
prior_year_province_anchor,정보통신업,3,24,6,286187.54,11663.337033986929,16006.013691616568,16.351084662217797,4.07541748113385,5.592840866383131,1.5174233852492813
prior_year_province_anchor,정보통신업,4,24,6,286187.54,11723.268398313312,14344.668116526364,16.35136956690851,4.096358771703797,5.012331465068802,0.9159726933650045
recursive_no_target_actual,건설업,1,22,6,899593.6799999999,119943.1387034324,85338.88885657585,34.921380318589684,13.33303483228477,9.486381546897467,-3.846653285387303
recursive_no_target_actual,건설업,2,22,7,899593.6799999999,118433.39712114182,84249.38118568962,31.62331287664881,13.165210000268324,9.365270461403155,-3.7999395388651696
recursive_no_target_actual,건설업,3,22,11,899593.6799999999,114995.66680785191,67540.11128806412,18.045917500614113,12.783067440830834,7.507846352151354,-5.27522108867948
recursive_no_target_actual,건설업,4,22,11,899593.6799999999,111446.84227278245,64848.28055685545,15.584596533511114,12.388575503640983,7.208618957489281,-5.179956546151701
recursive_no_target_actual,"광업, 제조업",1,14,2,3861314.0400000005,182334.4671408356,159077.4090919274,21.26127054072196,4.72208334396017,4.119773927839534,-0.6023094161206366
recursive_no_target_actual,"광업, 제조업",2,14,2,3861314.0400000005,177194.50983492905,217893.4440187959,20.235932942832594,4.588969143647509,5.642986863062707,1.0540177194151985
recursive_no_target_actual,"광업, 제조업",3,14,2,3861314.0400000005,180245.30078640854,345924.0534176417,45.38825513528681,4.667978281984246,8.958713273102274,4.290734991118028
recursive_no_target_actual,"광업, 제조업",4,14,2,3861314.0400000005,194030.00607619772,428494.2950313424,59.35469667855071,5.024973469295901,11.097110739828413,6.072137270532512
recursive_no_target_actual,교육 서비스업,1,23,1,786208.4600000002,11391.055169699377,11708.572890884794,7.107119998425714,1.4488593991597818,1.4892453447886824,0.04038594562890063
recursive_no_target_actual,교육 서비스업,2,23,0,786208.4600000002,9584.516144543853,9584.516144543853,7.277629649839783,1.219080769563819,1.219080769563819,0.0
recursive_no_target_actual,교육 서비스업,3,23,3,786208.4600000002,8401.279890140384,7866.081624159684,5.747904204983548,1.06858172069789,1.000508392412832,-0.06807332828505808
recursive_no_target_actual,교육 서비스업,4,23,2,786208.4600000002,8248.020141441248,9290.504241263041,6.821547333090922,1.0490881949351252,1.1816845930738318,0.1325963981387066
recursive_no_target_actual,금융 및 보험업,1,24,6,606726.34,16778.649643424367,20808.85311282045,14.156017104919218,2.7654394637662127,3.429693379196369,0.6642539154301561
recursive_no_target_actual,금융 및 보험업,2,24,7,606726.34,13437.936481693152,14073.388812918649,13.616138313099716,2.214826618816838,2.3195612066090043,0.10473458779216616
recursive_no_target_actual,금융 및 보험업,3,24,8,606726.34,12007.761034114697,16344.479708561295,13.100518513269813,1.979106599214845,2.6938800297612424,0.7147734305463973
recursive_no_target_actual,금융 및 보험업,4,24,15,606726.34,14341.458214554055,11629.5645118746,7.494514242060987,2.363744124666494,1.9167726444634992,-0.44697148020299493
recursive_no_target_actual,도매 및 소매업,1,21,9,801209.8499999999,34392.11613365526,33165.69641571936,11.346614694958554,4.292522880697893,4.139451907102661,-0.15307097359523247
recursive_no_target_actual,도매 및 소매업,2,21,5,801209.8499999999,28603.51742105668,27752.886221362725,10.483632701598786,3.5700406605156796,3.4638723202620048,-0.10616834025367483
recursive_no_target_actual,도매 및 소매업,3,21,6,801209.8499999999,26354.04435838229,18173.8001039296,6.734085947539987,3.289281123838192,2.2682946426494386,-1.0209864811887535
recursive_no_target_actual,도매 및 소매업,4,21,8,801209.8499999999,26514.82724647894,13992.321606372998,5.441710253610558,3.3093486365000313,1.7463990996082985,-1.5629495368917328
recursive_no_target_actual,문화 및 기타서비스업,1,25,1,461528.81999999995,20465.874894503853,20667.757295002753,11.055242819410903,4.434365527705043,4.4781076282522845,0.04374210054724159
recursive_no_target_actual,문화 및 기타서비스업,2,25,3,461528.81999999995,18072.479995359674,27591.27000864302,26.524381037057328,3.9157857997599534,5.978233387168113,2.0624475874081596
recursive_no_target_actual,문화 및 기타서비스업,3,25,4,461528.81999999995,17973.25356322481,39010.514074352875,51.59387172791904,3.8942862903393145,8.452454621220161,4.5581683308808465
recursive_no_target_actual,문화 및 기타서비스업,4,25,2,461528.81999999995,17300.973994763008,20968.177049355036,29.65180984844925,3.748622674259651,4.543199934806896,0.7945772605472454
recursive_no_target_actual,보건 및 사회복지업,1,24,5,911574.23,27006.240057351308,27099.242819110186,19.280371819375862,2.9625936285354744,2.9727960628187335,0.010202434283259176
recursive_no_target_actual,보건 및 사회복지업,2,24,8,911574.23,22355.5026233666,20407.505057842798,17.370167141078692,2.4524061659099994,2.238710176991598,-0.21369598891840136
recursive_no_target_actual,보건 및 사회복지업,3,24,7,911574.23,19461.603299124246,16800.97607924658,16.450185625742584,2.134944435531514,1.8430727335552892,-0.2918717019762247
recursive_no_target_actual,보건 및 사회복지업,4,24,8,911574.23,18477.903261589923,16806.30226109212,15.865935686726363,2.0270322101569196,1.8436570174973157,-0.1833751926596039
recursive_no_target_actual,부동산업,1,22,2,1068251.5,26949.16233777294,56655.47492169426,30.10246038870968,2.522735735711388,5.303570827814823,2.7808350921034344
recursive_no_target_actual,부동산업,2,22,0,1068251.5,27095.697271636476,27095.697271636476,7.952713283975885,2.5364530048997334,2.5364530048997334,0.0
recursive_no_target_actual,부동산업,3,22,1,1068251.5,27015.13412336752,28066.619999468974,10.353265029163811,2.528911414902532,2.6273419695145734,0.09843055461204164
recursive_no_target_actual,부동산업,4,22,1,1068251.5,27498.505898807147,28647.507783458124,11.433336259305783,2.574160288921396,2.6817194062875758,0.10755911736617962
recursive_no_target_actual,사업서비스업,1,22,10,747989.9700000001,30793.385541768555,31577.948471467105,20.439728951149604,4.1168179757502035,4.221707474428714,0.10488949867851094
recursive_no_target_actual,사업서비스업,2,22,11,747989.9700000001,28067.36694932524,24568.327264266445,17.85864595047189,3.7523721005677704,3.2845797737456883,-0.46779232682208205
recursive_no_target_actual,사업서비스업,3,22,8,747989.9700000001,26312.212848533753,26599.680206145364,18.01820880688812,3.517722683973122,3.556154664232378,0.03843198025925565
recursive_no_target_actual,사업서비스업,4,22,10,747989.9700000001,27065.28238588423,27478.678583221004,17.996791531845655,3.618401779623359,3.673669392013505,0.05526761239014588
recursive_no_target_actual,서비스업,1,21,10,7992596.220000001,288641.1670794348,203460.07952992572,7.19716150950794,3.611356799898929,2.5456068832903673,-1.0657499166085618
recursive_no_target_actual,서비스업,2,21,7,7992596.220000001,243107.76851970406,137765.36481840926,4.885975955369781,3.0416620811066575,1.7236622622531186,-1.317999818853539
recursive_no_target_actual,서비스업,3,21,7,7992596.220000001,226583.82444037695,125402.75281753797,4.59049883213911,2.8349214473438886,1.56898646404457,-1.2659349832993185
recursive_no_target_actual,서비스업,4,21,7,7992596.220000001,220740.228227415,109468.16516967204,5.428611931717634,2.761808830966004,1.3696196099053284,-1.3921892210606754
recursive_no_target_actual,숙박 및 음식점업,1,19,7,261051.91,23755.653389112143,21860.155978364874,32.824408970564974,9.099973024182104,8.373873218688525,-0.726099805493579
recursive_no_target_actual,숙박 및 음식점업,2,19,8,261051.91,12961.496013740318,12419.2854841726,16.640113080449186,4.965102922916871,4.757400734655648,-0.2077021882612229
recursive_no_target_actual,숙박 및 음식점업,3,19,5,261051.91,8680.874578846762,8273.140868308185,7.52008533232613,3.325344211749595,3.169155463489305,-0.15618874826028994
recursive_no_target_actual,숙박 및 음식점업,4,19,10,261051.91,7348.269082572757,5703.521809985127,5.650982640709805,2.8148689211171662,2.1848228614703977,-0.6300460596467685
recursive_no_target_actual,운수 및 창고업,1,24,4,1026507.16,134306.44318590037,113363.56995848284,25.85202049118151,13.083829165487785,11.043621942050832,-2.040207223436953
recursive_no_target_actual,운수 및 창고업,2,24,6,1026507.16,135248.24194708018,56366.05580166563,17.156964946004447,13.175577065344598,5.4910533504379675,-7.68452371490663
recursive_no_target_actual,운수 및 창고업,3,24,6,1026507.16,136196.4376997794,50860.30160173816,14.377523819693202,13.26794814561054,4.954695260161475,-8.313252885449064
recursive_no_target_actual,운수 및 창고업,4,24,7,1026507.16,138952.7488300503,49928.8439143477,15.234076183037528,13.536461726194904,4.863954764265619,-8.672506961929285
recursive_no_target_actual,정보통신업,1,24,2,286187.54,21884.69698484721,17850.85291515316,23.7462018524683,7.646977567523454,6.237466842600192,-1.409510724923262
recursive_no_target_actual,정보통신업,2,24,3,286187.54,19592.71025297722,15566.252950962367,22.990616612717933,6.846108762448995,5.439179130916171,-1.4069296315328241
recursive_no_target_actual,정보통신업,3,24,7,286187.54,19152.670955776874,17476.98176265844,23.68551182255052,6.692349693413234,6.106828327556973,-0.5855213658562608
recursive_no_target_actual,정보통신업,4,24,9,286187.54,19175.348683779368,11595.09912778638,10.599775766453675,6.700273772848171,4.051573708550127,-2.648700064298044
