track,quarter_region,available_quarters,operating_label,years,annualized_abs_error_sum_eok,annualized_wape_pct,annualized_max_ape_pct,cumulative_wape_pct,cumulative_max_ape_pct
prior_year_province_anchor,강원,1,1분기+1개월,5,71258.49807879166,2.5644256824890532,5.082282599214032,3.2848434057960834,4.8883563038182505
prior_year_province_anchor,강원,2,1~2분기+1개월,5,47371.93964325439,1.7048046468248388,3.753409904022992,2.0795158394784448,3.7339186754440488
prior_year_province_anchor,강원,3,1~3분기+1개월,5,44768.689671970555,1.6111198055176648,2.998962667238929,1.2818762315486125,2.1217185028637213
prior_year_province_anchor,강원,4,공표 후 정밀화,5,38763.66896369797,1.3950132393766634,2.097871604710373,1.3950132393766634,2.097871604710373
prior_year_province_anchor,경기도,1,1분기+1개월,5,358895.84843593463,1.2318902869922301,3.094930536526503,1.1349967720600203,3.2952333910437033
prior_year_province_anchor,경기도,2,1~2분기+1개월,5,164124.67297463585,0.5633489252504442,1.5886951286301287,1.2528243791873357,2.4295392425728495
prior_year_province_anchor,경기도,3,1~3분기+1개월,5,160108.06709898636,0.5495621461989395,0.964395730493163,1.0139498357786947,1.2799791868104715
prior_year_province_anchor,경기도,4,공표 후 정밀화,5,253945.17600704078,0.8716528684155247,1.210892002585629,0.8716528684155247,1.210892002585629
prior_year_province_anchor,경남,1,1분기+1개월,5,81994.76855502464,1.323346468030351,2.1700791777242854,1.1388959047019929,2.4954960258443437
prior_year_province_anchor,경남,2,1~2분기+1개월,5,91166.73304274958,1.4713764829158165,3.580182491527193,1.3334848629641993,2.245687370058815
prior_year_province_anchor,경남,3,1~3분기+1개월,5,87301.43477357877,1.4089928832967948,3.260289309993701,1.4778819803884828,2.58748553209496
prior_year_province_anchor,경남,4,공표 후 정밀화,5,94123.24678553944,1.5190928444368395,2.7401081374180327,1.5190928444368395,2.7401081374180327
prior_year_province_anchor,경북,1,1분기+1개월,5,124657.05865074322,2.117740079477763,4.124131481679722,2.0263261299477544,3.701135722940655
prior_year_province_anchor,경북,2,1~2분기+1개월,5,125113.06575900922,2.125486969546839,3.3683531580595982,2.09882949061277,3.7190802993144576
prior_year_province_anchor,경북,3,1~3분기+1개월,5,110920.71323565976,1.884379774446216,2.960971055458247,1.622206498177648,2.758425932628893
prior_year_province_anchor,경북,4,공표 후 정밀화,5,79918.73779344116,1.3577018097357096,2.347949523262826,1.3577018097357096,2.347949523262826
prior_year_province_anchor,광주,1,1분기+1개월,5,37269.951088548114,1.5346219604974085,2.7808055343666402,1.507506353873561,2.133698260917268
prior_year_province_anchor,광주,2,1~2분기+1개월,5,26064.344121449103,1.073221555341073,2.414591855987539,0.5044013209221081,0.9626416307968932
prior_year_province_anchor,광주,3,1~3분기+1개월,5,26760.412082645053,1.1018827461409233,2.470994131221863,0.5575515837034961,1.0175828396728603
prior_year_province_anchor,광주,4,공표 후 정밀화,5,22235.67538737884,0.9155728612278303,1.8487245369570975,0.9155728612278303,1.8487245369570975
prior_year_province_anchor,대구,1,1분기+1개월,5,84727.04919565155,2.5488053953255143,4.917516966756908,0.8508998333753318,1.6537027256745669
prior_year_province_anchor,대구,2,1~2분기+1개월,5,59880.374594502966,1.8013541518263465,3.846446116429683,0.7310011843335918,1.413299901685921
prior_year_province_anchor,대구,3,1~3분기+1개월,5,60339.1416221034,1.815155032256459,3.416242143073823,1.1236987561734237,1.8216498471464442
prior_year_province_anchor,대구,4,공표 후 정밀화,5,53222.97943884169,1.601082752637405,2.8657555514722426,1.601082752637405,2.8657555514722426
prior_year_province_anchor,대전,1,1분기+1개월,5,17193.89798816346,0.695869932734486,1.4566437786648507,0.556471595477418,1.0376471143249342
prior_year_province_anchor,대전,2,1~2분기+1개월,5,20375.013991170446,0.8246157808578711,1.542431260229558,0.443718625897169,0.9166708818750715
prior_year_province_anchor,대전,3,1~3분기+1개월,5,21687.751951660495,0.8777447965640873,1.5574372556445442,0.8062917302198663,1.5218003419902824
prior_year_province_anchor,대전,4,공표 후 정밀화,5,23018.728404904832,0.9316119589508784,1.6844255710144769,0.9316119589508784,1.6844255710144769
prior_year_province_anchor,부산,1,1분기+1개월,5,50284.532138534705,0.9572949088189051,1.8798708658131331,1.2567615143424467,2.4914150851947605
prior_year_province_anchor,부산,2,1~2분기+1개월,5,62482.78592365596,1.189519924113992,1.6271658791572854,1.1044073282154399,1.773985486576766
prior_year_province_anchor,부산,3,1~3분기+1개월,5,59976.9806171559,1.141815499703814,1.8046080704687784,1.081392352936319,1.6153461220555818
prior_year_province_anchor,부산,4,공표 후 정밀화,5,58981.06717292254,1.122855735552836,1.7992129734931264,1.122855735552836,1.7992129734931264
prior_year_province_anchor,서울,1,1분기+1개월,5,366767.89311828837,1.4401228937828956,2.699991199322732,0.19074502851524042,0.4702541991187064
prior_year_province_anchor,서울,2,1~2분기+1개월,5,192052.89677889366,0.7541002870155997,2.077918222549195,0.4078584870951916,0.8032272946262787
prior_year_province_anchor,서울,3,1~3분기+1개월,5,127622.09948942065,0.501111222317591,1.5240594068934552,0.43426810990811104,0.5627868763895828
prior_year_province_anchor,서울,4,공표 후 정밀화,5,83603.64852098376,0.3282717230649644,1.0092256043636088,0.3282717230649644,1.0092256043636088
prior_year_province_anchor,세종,1,1분기+1개월,5,24138.490829885617,3.1266105858609503,5.258836617159403,2.1245586478417104,5.0881239591171035
prior_year_province_anchor,세종,2,1~2분기+1개월,5,16101.542932411045,2.0856007501032945,3.7234611349811195,1.439717758561724,4.158312812253737
prior_year_province_anchor,세종,3,1~3분기+1개월,5,12883.169914205559,1.668731310382062,2.4979992599664613,0.9919495624675806,3.1458410242564647
prior_year_province_anchor,세종,4,공표 후 정밀화,5,8918.84646242953,1.1552403984003667,3.191801745206068,1.1552403984003667,3.191801745206068
prior_year_province_anchor,울산,1,1분기+1개월,5,103974.0192708841,2.658763347111737,6.122206204398246,2.0611617286664825,4.908158821944349
prior_year_province_anchor,울산,2,1~2분기+1개월,5,67371.55029495398,1.722786228890923,5.19785821939952,3.299313217273435,5.850321218351106
prior_year_province_anchor,울산,3,1~3분기+1개월,5,62605.38730633876,1.6009086718881873,4.6804310665122975,2.2456801767045116,4.4393291483027655
prior_year_province_anchor,울산,4,공표 후 정밀화,5,71052.93318185257,1.816924417979005,3.7979219377068265,1.816924417979005,3.7979219377068265
prior_year_province_anchor,인천,1,1분기+1개월,5,129375.98157593294,2.3484476171262534,5.1981264870249,1.7882561616170733,2.8889755386857106
prior_year_province_anchor,인천,2,1~2분기+1개월,5,105179.44076901802,1.9092292405116857,4.591266760702978,1.6792556358716206,3.9184350328816677
prior_year_province_anchor,인천,3,1~3분기+1개월,5,107949.22120196978,1.9595066117709776,4.18541923709782,2.004286201716444,4.127412736026277
prior_year_province_anchor,인천,4,공표 후 정밀화,5,115084.66720504558,2.0890300438557907,4.003672477489947,2.0890300438557907,4.003672477489947
prior_year_province_anchor,전남,1,1분기+1개월,5,84203.15669731738,1.9491551815244261,4.219559787412923,1.7369800076405033,2.499675631426064
prior_year_province_anchor,전남,2,1~2분기+1개월,5,68467.5312396296,1.5849030905293986,3.7904656367034946,1.4660776402684352,2.738175087499389
prior_year_province_anchor,전남,3,1~3분기+1개월,5,74468.24256936554,1.7238090180498065,3.9344067661941753,1.5686016239497744,2.5916077396591133
prior_year_province_anchor,전남,4,공표 후 정밀화,5,69199.42773373495,1.6018452088510795,3.222980649512667,1.6018452088510795,3.222980649512667
prior_year_province_anchor,전북,1,1분기+1개월,5,56512.853373329155,1.9203786959142515,3.087798191728282,2.6379303725524172,3.4121264712095534
prior_year_province_anchor,전북,2,1~2분기+1개월,5,50450.29230413085,1.7143651534187652,2.464855880252379,1.466425478053266,2.158322991127201
prior_year_province_anchor,전북,3,1~3분기+1개월,5,47706.57169634872,1.6211300345349542,2.4087072460306636,1.6305799012257176,2.1228778198060962
prior_year_province_anchor,전북,4,공표 후 정밀화,5,35258.12756258354,1.1981160565671822,2.2575980457929403,1.1981160565671822,2.2575980457929403
prior_year_province_anchor,제주,1,1분기+1개월,5,21457.15915123123,1.8205880235291867,2.8275077479058623,2.3020322908104567,4.902783923691179
prior_year_province_anchor,제주,2,1~2분기+1개월,5,19144.259097194037,1.624344051607186,2.3129026705583327,1.8576748005080426,2.6433077140727352
prior_year_province_anchor,제주,3,1~3분기+1개월,5,19602.619625287654,1.6632348330952784,2.8934356912158816,1.6977282247059764,2.760446667656094
prior_year_province_anchor,제주,4,공표 후 정밀화,5,20124.394889582618,1.7075062014741942,2.8074577836730565,1.7075062014741942,2.8074577836730565
prior_year_province_anchor,충남,1,1분기+1개월,5,116097.01404837635,1.7440087499691577,4.16875515662167,1.5460991517192557,2.4842129605014045
prior_year_province_anchor,충남,2,1~2분기+1개월,5,71149.39082446089,1.0688057842825327,2.796679082806842,1.4008802659811586,2.9333945228804192
prior_year_province_anchor,충남,3,1~3분기+1개월,5,72454.40979447216,1.0884097725610513,2.1901345355357216,0.9807822323021381,1.816430741274017
prior_year_province_anchor,충남,4,공표 후 정밀화,5,79197.17408643337,1.1896995431942556,2.1145773754976074,1.1896995431942556,2.1145773754976074
prior_year_province_anchor,충북,1,1분기+1개월,5,117530.56435163587,2.8395461647525395,6.65437149777775,1.8975839513548622,5.3347978109115335
prior_year_province_anchor,충북,2,1~2분기+1개월,5,93557.12462531833,2.2603462842250908,5.360686701670678,2.353316085017708,4.263620439119578
prior_year_province_anchor,충북,3,1~3분기+1개월,5,87172.33403358096,2.1060893235993112,4.7494407796872835,2.4426870277014525,3.769095281492576
prior_year_province_anchor,충북,4,공표 후 정밀화,5,98960.665885053,2.3908961964526507,4.075567654963283,2.3908961964526507,4.075567654963283
recursive_no_target_actual,강원,1,1분기+1개월,5,79547.12402232934,2.8627138279766338,4.737979787418867,3.5970712112195056,5.663083093076
recursive_no_target_actual,강원,2,1~2분기+1개월,5,56642.53277015709,2.038431480781524,3.495221256664053,2.41573517620567,4.228169512560676
recursive_no_target_actual,강원,3,1~3분기+1개월,5,54698.502509744605,1.9684704057975226,3.409598566693009,1.6400157265316513,2.374358579385951
recursive_no_target_actual,강원,4,공표 후 정밀화,5,48738.75903823797,1.7539932608753959,3.0437265882545215,1.7539932608753959,3.0437265882545215
recursive_no_target_actual,경기도,1,1분기+1개월,5,460039.2546599526,1.579059473439141,3.239263534730373,1.3366611826933505,3.2952333910437033
recursive_no_target_actual,경기도,2,1~2분기+1개월,5,232775.19035059307,0.7989880554353934,2.8411700307343986,1.4393207905804444,2.4295392425728495
recursive_no_target_actual,경기도,3,1~3분기+1개월,5,212882.43069548998,0.7307072505517815,2.2160343650021934,1.2001597844365126,2.0657238432955425
recursive_no_target_actual,경기도,4,공표 후 정밀화,5,306914.1511191875,1.053465966106552,2.099489248481451,1.053465966106552,2.099489248481451
recursive_no_target_actual,경남,1,1분기+1개월,5,58574.906738731544,0.9453639215517667,2.1700791777242854,1.4790426867471949,2.4954960258443437
recursive_no_target_actual,경남,2,1~2분기+1개월,5,92290.91867844877,1.4895201659413333,3.580182491527193,1.7418578151040611,2.31985415002426
recursive_no_target_actual,경남,3,1~3분기+1개월,5,85717.14709158684,1.3834234287418854,3.260289309993701,1.5466936771557542,2.58748553209496
recursive_no_target_actual,경남,4,공표 후 정밀화,5,94321.38281754986,1.522290641354512,2.7401081374180327,1.522290641354512,2.7401081374180327
recursive_no_target_actual,경북,1,1분기+1개월,5,122001.93669057428,2.072633462557616,3.6834727708068655,1.757927941413212,3.701135722940655
recursive_no_target_actual,경북,2,1~2분기+1개월,5,128644.3239433153,2.185477852284102,3.3683531580595982,2.2933431116892176,3.7190802993144576
recursive_no_target_actual,경북,3,1~3분기+1개월,5,122129.2648962983,2.074796581497116,2.960971055458247,1.7504335053355877,2.758425932628893
recursive_no_target_actual,경북,4,공표 후 정밀화,5,90848.70933332201,1.5433859502736986,2.347949523262826,1.5433859502736986,2.347949523262826
recursive_no_target_actual,광주,1,1분기+1개월,5,45512.98092652537,1.8740357305971018,2.858419223236944,1.1927140889034038,2.133698260917268
recursive_no_target_actual,광주,2,1~2분기+1개월,5,34333.323820858786,1.4137038330739387,2.414591855987539,0.4342601295281361,0.740405314879044
recursive_no_target_actual,광주,3,1~3분기+1개월,5,35062.95108458551,1.4437468567213916,2.470994131221863,0.6587795775732195,1.2455658530033926
recursive_no_target_actual,광주,4,공표 후 정밀화,5,28965.34029792057,1.1926725422542293,1.9866607266640641,1.1926725422542293,1.9866607266640641
recursive_no_target_actual,대구,1,1분기+1개월,5,113910.97812745336,3.4267322938110865,5.858441628558461,1.3207681418406363,3.2453750251359224
recursive_no_target_actual,대구,2,1~2분기+1개월,5,88971.08203682676,2.676476710521998,5.524776689254772,1.5888308755637701,4.838988584481707
recursive_no_target_actual,대구,3,1~3분기+1개월,5,89431.85331273242,2.6903378838449052,6.030319394106825,1.9890790186084841,5.27913016759347
recursive_no_target_actual,대구,4,공표 후 정밀화,5,82435.72417366889,2.479876503856773,6.086156908902212,2.479876503856773,6.086156908902212
recursive_no_target_actual,대전,1,1분기+1개월,5,15555.382452458667,0.6295560755509532,1.4566437786648507,0.724489928106702,1.140991357377935
recursive_no_target_actual,대전,2,1~2분기+1개월,5,15891.503691899998,0.6431595449004683,1.542431260229558,0.48675800563599425,1.1510769754995236
recursive_no_target_actual,대전,3,1~3분기+1개월,5,19743.442330042366,0.7990548679311597,1.5574372556445442,0.7266824302243525,1.5218003419902824
recursive_no_target_actual,대전,4,공표 후 정밀화,5,21041.47799532453,0.8515888536340342,1.6844255710144769,0.8515888536340342,1.6844255710144769
recursive_no_target_actual,부산,1,1분기+1개월,5,43224.105689191376,0.8228816010560764,1.574280231075114,0.96174546252561,1.757603540533639
recursive_no_target_actual,부산,2,1~2분기+1개월,5,46603.689732066705,0.8872206425183095,1.6271658791572854,0.8042638854341575,1.773985486576766
recursive_no_target_actual,부산,3,1~3분기+1개월,5,44205.0379954722,0.8415561608612975,1.8046080704687784,0.7810535214494126,1.6153461220555818
recursive_no_target_actual,부산,4,공표 후 정밀화,5,43276.58420442871,0.8238806640546279,1.7992129734931264,0.8238806640546279,1.7992129734931264
recursive_no_target_actual,서울,1,1분기+1개월,5,357638.5227467958,1.4042762029342788,2.699991199322732,0.22817001466031167,0.4655177018747924
recursive_no_target_actual,서울,2,1~2분기+1개월,5,182426.85413181782,0.7163034006122594,1.4281002654974093,0.5948739935951396,0.8481970292966561
recursive_no_target_actual,서울,3,1~3분기+1개월,5,118305.30795214977,0.46452861778437676,0.8704372495819851,0.4389667246250362,0.8173109643125285
recursive_no_target_actual,서울,4,공표 후 정밀화,5,74057.18770730495,0.29078731663153057,0.5012057963349404,0.29078731663153057,0.5012057963349404
recursive_no_target_actual,세종,1,1분기+1개월,5,27278.13403092863,3.5332823093497203,5.685720473840164,1.7806851465124667,5.0881239591171035
recursive_no_target_actual,세종,2,1~2분기+1개월,5,19401.92815970583,2.5130930677382937,4.18121659023377,1.2430090699229255,4.158312812253737
recursive_no_target_actual,세종,3,1~3분기+1개월,5,16286.352057050739,2.109538707514732,2.9822602503338422,1.3627173111258157,3.1458410242564647
recursive_no_target_actual,세종,4,공표 후 정밀화,5,12363.13372677975,1.6013720599593624,3.191801745206068,1.6013720599593624,3.191801745206068
recursive_no_target_actual,울산,1,1분기+1개월,5,138599.08809669735,3.5441755349915707,6.122206204398246,2.945966161514706,4.908158821944349
recursive_no_target_actual,울산,2,1~2분기+1개월,5,120501.86810970714,3.081403916432995,5.19785821939952,4.624502361272403,5.850321218351106
recursive_no_target_actual,울산,3,1~3분기+1개월,5,115659.40790113271,2.9575753311509207,4.6804310665122975,3.586417648738361,4.539472568153117
recursive_no_target_actual,울산,4,공표 후 정밀화,5,123902.61625707592,3.168365876645629,4.485880186137817,3.168365876645629,4.485880186137817
recursive_no_target_actual,인천,1,1분기+1개월,5,197308.39879410726,3.581564625386506,5.1981264870249,2.554313246845614,4.855094057523149
recursive_no_target_actual,인천,2,1~2분기+1개월,5,169144.53076751146,3.070330871250328,4.591266760702978,2.702775109898519,4.809219840849027
recursive_no_target_actual,인천,3,1~3분기+1개월,5,154646.0891193552,2.8071534999492047,4.18541923709782,2.8419055957704824,4.779077990442771
recursive_no_target_actual,인천,4,공표 후 정밀화,5,160314.77634655044,2.910052158948961,4.354441950286815,2.910052158948961,4.354441950286815
recursive_no_target_actual,전남,1,1분기+1개월,5,72382.19662276155,1.6755207183565157,4.219559787412923,1.478215776205843,2.0684841748201883
recursive_no_target_actual,전남,2,1~2분기+1개월,5,60903.83843277185,1.4098168870638756,3.7904656367034946,1.490072170414116,2.738175087499389
recursive_no_target_actual,전남,3,1~3분기+1개월,5,66802.76756289089,1.546366735435335,3.9344067661941753,1.392254114822348,2.293135033308562
recursive_no_target_actual,전남,4,공표 후 정밀화,5,61543.73548910895,1.424629379990776,3.222980649512667,1.424629379990776,3.222980649512667
recursive_no_target_actual,전북,1,1분기+1개월,5,82227.41557814146,2.7941922531003183,5.018853847239935,3.5150046538738073,4.873212580237909
recursive_no_target_actual,전북,2,1~2분기+1개월,5,76380.33476256789,2.595501003919549,3.647436270876737,2.3468769364337008,3.5010200521952894
recursive_no_target_actual,전북,3,1~3분기+1개월,5,73704.33974006411,2.504567286635082,3.5009724613554427,2.5174677270135253,3.8914674834841207
recursive_no_target_actual,전북,4,공표 후 정밀화,5,61298.99303010269,2.0830178139892195,3.345378172425653,2.0830178139892195,3.345378172425653
recursive_no_target_actual,제주,1,1분기+1개월,5,21313.636696060916,1.8084104905599359,2.728024646366254,2.29893515981114,4.902783923691179
recursive_no_target_actual,제주,2,1~2분기+1개월,5,18892.49785006515,1.602982719098948,2.8207060630218233,1.8377599009020404,2.6433077140727352
recursive_no_target_actual,제주,3,1~3분기+1개월,5,19271.02425677204,1.6350997686013082,3.3836534779970284,1.6717087533980164,3.2388620087451323
recursive_no_target_actual,제주,4,공표 후 정밀화,5,19924.84340395109,1.6905747408713412,3.3235144102018817,1.6905747408713412,3.3235144102018817
recursive_no_target_actual,충남,1,1분기+1개월,5,167337.06439675344,2.5137365236670517,5.257741604511525,2.3326091465821595,4.168364999936995
recursive_no_target_actual,충남,2,1~2분기+1개월,5,123560.45886429492,1.8561245797393373,4.3840244971871964,2.1923048076780494,5.76853788722862
recursive_no_target_actual,충남,3,1~3분기+1개월,5,125574.7088648337,1.8863826329232138,5.013240079821371,1.7794968359717396,4.64664793228826
recursive_no_target_actual,충남,4,공표 후 정밀화,5,132557.62196243927,1.9912799176839038,4.956088603160621,1.9912799176839038,4.956088603160621
recursive_no_target_actual,충북,1,1분기+1개월,5,126206.85886267317,3.0491660107814385,9.384249795995599,3.5778690278203316,7.98353679026297
recursive_no_target_actual,충북,2,1~2분기+1개월,5,107479.6202977231,2.596714695356697,8.072839978347238,2.8253956388969534,6.931858984344211
recursive_no_target_actual,충북,3,1~3분기+1개월,5,110637.4260302675,2.6730074895447076,7.452547546872015,3.0013973866623878,6.445741929685118
recursive_no_target_actual,충북,4,공표 후 정밀화,5,121329.11954026273,2.931319507941767,6.763306025576184,2.931319507941767,6.763306025576184
